target,task,n_train,n_eval,acc,f1_macro
Location,classification,3510,390,0.007692307692307693,0.006671122994652406
